{
  "note": "hard-negative retrain: M1-only blockage windows added as negatives",
  "mic": {
    "aeration": {
      "recall": 0.8733258928571429,
      "false_alarm": 0.0029754204398447608,
      "fa_on_m1_blockage": 0.004630788485607009,
      "fa_on_5_25_off": 0.002105263157894737,
      "f1": 0.9136018680677175,
      "n_pos": 1792,
      "n_neg": 23190
    },
    "M2": {
      "recall": 0.6989795918367347,
      "false_alarm": 0.07051660952831304,
      "fa_on_m1_blockage": 0.00951188986232791,
      "fa_on_5_25_off": 0.12511200716845877,
      "f1": 0.7399780572200185,
      "n_pos": 6272,
      "n_neg": 16918
    },
    "M3": {
      "recall": 0.8840880102040817,
      "false_alarm": 0.016609528313039367,
      "fa_on_m1_blockage": 0.005506883604505632,
      "fa_on_5_25_off": 0.026545698924731184,
      "f1": 0.9166804430484378,
      "n_pos": 6272,
      "n_neg": 16918
    },
    "M4": {
      "recall": 0.48867984693877553,
      "false_alarm": 0.13039366355361154,
      "fa_on_m1_blockage": 0.00788485607008761,
      "fa_on_5_25_off": 0.24003136200716846,
      "f1": 0.5310577839383176,
      "n_pos": 6272,
      "n_neg": 16918
    }
  },
  "cam": {
    "aeration": {
      "recall": 0.9899553571428571,
      "false_alarm": 0.0003887185245972444,
      "fa_on_m1_blockage": 0.000750938673341677,
      "fa_on_5_25_off": 0.00019785002967750444,
      "f1": 0.9924475524475525,
      "n_pos": 1792,
      "n_neg": 23153
    },
    "M2": {
      "recall": 0.8957270408163265,
      "false_alarm": 0.03566139446715242,
      "fa_on_m1_blockage": 0.0011264080100125157,
      "fa_on_5_25_off": 0.06669665954335845,
      "f1": 0.8994556516170349,
      "n_pos": 6272,
      "n_neg": 16881
    },
    "M3": {
      "recall": 0.9269770408163265,
      "false_alarm": 0.021384989040933593,
      "fa_on_m1_blockage": 0.0018773466833541927,
      "fa_on_5_25_off": 0.03891575750759195,
      "f1": 0.9342010122921186,
      "n_pos": 6272,
      "n_neg": 16881
    },
    "M4": {
      "recall": 0.8067602040816326,
      "false_alarm": 0.07345536401871927,
      "fa_on_m1_blockage": 0.003504380475594493,
      "fa_on_5_25_off": 0.13631762456416602,
      "f1": 0.8049634107540566,
      "n_pos": 6272,
      "n_neg": 16881
    }
  }
}