{
  "window_s": 8.0,
  "discharge": {
    "mic": {
      "config_grouped": {
        "window": {
          "within1": 0.7310126582278481,
          "exact": 0.2505439082278481,
          "MAE_steps": 1.1091524920886076,
          "spearman": 0.7074382694223402,
          "n": 40448
        },
        "clip_single_sensor": {
          "within1": 0.759567387687188,
          "exact": 0.26888519134775374,
          "MAE_steps": 1.0307820299500832,
          "spearman": 0.7626358819118711,
          "n_clips": 6010
        }
      },
      "leave_campaign_out": {
        "window": {
          "within1": 0.5864072389240507,
          "exact": 0.21986253955696203,
          "MAE_steps": 1.4304786392405062,
          "spearman": 0.4532058249311707,
          "n": 40448
        },
        "clip_single_sensor": {
          "within1": 0.6014975041597338,
          "exact": 0.22279534109816973,
          "MAE_steps": 1.3655574043261232,
          "spearman": 0.5130651597072973,
          "n_clips": 6010
        }
      }
    },
    "cam": {
      "config_grouped": {
        "window": {
          "within1": 0.9222391526990233,
          "exact": 0.41715584642669795,
          "MAE_steps": 0.6767416881073115,
          "spearman": 0.8834156172881906,
          "n": 40033
        },
        "clip_single_sensor": {
          "within1": 0.940658244680851,
          "exact": 0.4429853723404255,
          "MAE_steps": 0.6266622340425532,
          "spearman": 0.9031320452569676,
          "n_clips": 6016
        }
      },
      "leave_campaign_out": {
        "window": {
          "within1": 0.7883995703544576,
          "exact": 0.39842130242549895,
          "MAE_steps": 0.8806234856243599,
          "spearman": 0.7618536834589958,
          "n": 40033
        },
        "clip_single_sensor": {
          "within1": 0.8123337765957447,
          "exact": 0.41107047872340424,
          "MAE_steps": 0.8292885638297872,
          "spearman": 0.7933105897565725,
          "n_clips": 6016
        }
      }
    }
  },
  "suction": {
    "mic": {
      "config_grouped": {
        "window": {
          "within1": 0.839423457278481,
          "exact": 0.3727007515822785,
          "MAE_steps": 0.8333662974683544,
          "spearman": 0.5959219761399974,
          "n": 40448
        },
        "clip_single_sensor": {
          "within1": 0.8788685524126456,
          "exact": 0.35790349417637274,
          "MAE_steps": 0.7986688851913477,
          "spearman": 0.6768556784721379,
          "n_clips": 6010
        }
      },
      "leave_campaign_out": {
        "window": {
          "within1": 0.5499653876582279,
          "exact": 0.156670292721519,
          "MAE_steps": 1.4037035205696202,
          "spearman": -0.0021788118308715717,
          "n": 40448
        },
        "clip_single_sensor": {
          "within1": 0.5507487520798668,
          "exact": 0.1589018302828619,
          "MAE_steps": 1.3660565723793676,
          "spearman": -0.046007871364103115,
          "n_clips": 6010
        }
      }
    },
    "cam": {
      "config_grouped": {
        "window": {
          "within1": 0.8604651162790697,
          "exact": 0.48969600079934056,
          "MAE_steps": 0.6930282516923538,
          "spearman": 0.7070658742411671,
          "n": 40033
        },
        "clip_single_sensor": {
          "within1": 0.870844414893617,
          "exact": 0.49185505319148937,
          "MAE_steps": 0.6742021276595744,
          "spearman": 0.7299970390052795,
          "n_clips": 6016
        }
      },
      "leave_campaign_out": {
        "window": {
          "within1": 0.5079309569605076,
          "exact": 0.13536332525666325,
          "MAE_steps": 1.5347088651862213,
          "spearman": -0.13513136929136857,
          "n": 40033
        },
        "clip_single_sensor": {
          "within1": 0.504155585106383,
          "exact": 0.1309840425531915,
          "MAE_steps": 1.5206117021276595,
          "spearman": -0.15877939072750422,
          "n_clips": 6016
        }
      }
    }
  }
}