{
  "mic1": {
    "features": {
      "rms_db": -60.08977190442843,
      "tone_freq": 141.53356349214593,
      "centroid": 852.47297003148,
      "band_4000_8000": -15.361689518130568,
      "band_0_50": -18.656427796098622
    },
    "discharge": {
      "within1": 0.8550531914893617,
      "exact": 0.30851063829787234,
      "spearman": 0.8156572588629976,
      "n": 752
    },
    "suction": {
      "within1": 0.9175531914893617,
      "exact": 0.5691489361702128,
      "spearman": 0.7976279772235378,
      "n": 752
    }
  },
  "mic2": {
    "features": {
      "rms_db": -60.482704659892775,
      "tone_freq": 129.70032387591422,
      "centroid": 978.2738608255784,
      "band_4000_8000": -14.912913721718612,
      "band_0_50": -19.78056766306867
    },
    "discharge": {
      "within1": 0.761968085106383,
      "exact": 0.23803191489361702,
      "spearman": 0.7385477347031777,
      "n": 752
    },
    "suction": {
      "within1": 0.8351063829787234,
      "exact": 0.4800531914893617,
      "spearman": 0.6215896472737451,
      "n": 752
    }
  },
  "mic3": {
    "features": {
      "rms_db": -59.400393259069325,
      "tone_freq": 131.4285217366428,
      "centroid": 1494.7761522835058,
      "band_4000_8000": -9.391681514174369,
      "band_0_50": -21.25567091970723
    },
    "discharge": {
      "within1": 0.8894806924101198,
      "exact": 0.3262316910785619,
      "spearman": 0.8540621329976934,
      "n": 751
    },
    "suction": {
      "within1": 0.8135818908122503,
      "exact": 0.4607190412782956,
      "spearman": 0.5404718798329524,
      "n": 751
    }
  },
  "mic4": {
    "features": {
      "rms_db": -59.90744291089909,
      "tone_freq": 139.13431180301265,
      "centroid": 573.6129217606235,
      "band_4000_8000": -20.72801591658754,
      "band_0_50": -19.37430987287015
    },
    "discharge": {
      "within1": 0.7563249001331558,
      "exact": 0.2982689747003995,
      "spearman": 0.7356304862460534,
      "n": 751
    },
    "suction": {
      "within1": 0.8455392809587217,
      "exact": 0.41278295605858856,
      "spearman": 0.5744868281072514,
      "n": 751
    }
  },
  "mic5": {
    "features": {
      "rms_db": -63.06762293284981,
      "tone_freq": 201.00284581495507,
      "centroid": 1141.6207465280384,
      "band_4000_8000": -14.697419497151513,
      "band_0_50": -18.654501300118895
    },
    "discharge": {
      "within1": 0.715046604527297,
      "exact": 0.24101198402130491,
      "spearman": 0.7014303869256466,
      "n": 751
    },
    "suction": {
      "within1": 0.762982689747004,
      "exact": 0.35019973368841545,
      "spearman": 0.5039048298391774,
      "n": 751
    }
  },
  "mic6": {
    "features": {
      "rms_db": -61.66111763241729,
      "tone_freq": 387.5689835427763,
      "centroid": 1113.4668081098578,
      "band_4000_8000": -16.343739235296336,
      "band_0_50": -19.876352720908464
    },
    "discharge": {
      "within1": 0.5486018641810919,
      "exact": 0.18242343541944075,
      "spearman": 0.4543451749740342,
      "n": 751
    },
    "suction": {
      "within1": 0.7869507323568575,
      "exact": 0.35019973368841545,
      "spearman": 0.5002888234894808,
      "n": 751
    }
  },
  "mic7": {
    "features": {
      "rms_db": -60.933739598221,
      "tone_freq": 366.14330306986517,
      "centroid": 893.1277774520624,
      "band_4000_8000": -19.9815912404566,
      "band_0_50": -20.39483281630229
    },
    "discharge": {
      "within1": 0.5459387483355526,
      "exact": 0.2010652463382157,
      "spearman": 0.3709944791286945,
      "n": 751
    },
    "suction": {
      "within1": 0.8322237017310253,
      "exact": 0.40346205059920104,
      "spearman": 0.583360897586808,
      "n": 751
    }
  },
  "mic8": {
    "features": {
      "rms_db": -61.7342187942281,
      "tone_freq": 304.9414095008738,
      "centroid": 1089.2353501517405,
      "band_4000_8000": -15.009692997061784,
      "band_0_50": -19.233954347134084
    },
    "discharge": {
      "within1": 0.7310252996005326,
      "exact": 0.2436750998668442,
      "spearman": 0.7098517192073396,
      "n": 751
    },
    "suction": {
      "within1": 0.8415446071904128,
      "exact": 0.4047936085219707,
      "spearman": 0.6530334726000936,
      "n": 751
    }
  },
  "cam1": {
    "features": {
      "rms_db": -25.007913545397017,
      "tone_freq": 442.733537389877,
      "centroid": 1019.3829627440125,
      "band_4000_8000": -20.587478057112072,
      "band_0_50": -14.66155648285867
    },
    "discharge": {
      "within1": 0.9202127659574468,
      "exact": 0.33111702127659576,
      "spearman": 0.8934553966990366,
      "n": 752
    },
    "suction": {
      "within1": 0.8896276595744681,
      "exact": 0.5492021276595744,
      "spearman": 0.8111371277491305,
      "n": 752
    }
  },
  "cam2": {
    "features": {
      "rms_db": -27.689090624826715,
      "tone_freq": 664.40812780502,
      "centroid": 1016.9264465666972,
      "band_4000_8000": -22.696284733660185,
      "band_0_50": -15.567054027173604
    },
    "discharge": {
      "within1": 0.9428191489361702,
      "exact": 0.33111702127659576,
      "spearman": 0.8984681909086579,
      "n": 752
    },
    "suction": {
      "within1": 0.863031914893617,
      "exact": 0.5558510638297872,
      "spearman": 0.7802044350371033,
      "n": 752
    }
  },
  "cam3": {
    "features": {
      "rms_db": -19.938017987366226,
      "tone_freq": 797.852422835979,
      "centroid": 917.8602634078848,
      "band_4000_8000": -23.954469887240222,
      "band_0_50": -16.45509719433029
    },
    "discharge": {
      "within1": 0.949468085106383,
      "exact": 0.42819148936170215,
      "spearman": 0.8999004164734935,
      "n": 752
    },
    "suction": {
      "within1": 0.8191489361702128,
      "exact": 0.5904255319148937,
      "spearman": 0.6479601694310887,
      "n": 752
    }
  },
  "cam4": {
    "features": {
      "rms_db": -25.95724029911809,
      "tone_freq": 902.2970483658162,
      "centroid": 1037.117017594305,
      "band_4000_8000": -21.684991697515812,
      "band_0_50": -18.26077644303675
    },
    "discharge": {
      "within1": 0.9321808510638298,
      "exact": 0.5066489361702128,
      "spearman": 0.8917042412554606,
      "n": 752
    },
    "suction": {
      "within1": 0.8523936170212766,
      "exact": 0.648936170212766,
      "spearman": 0.7449938028378517,
      "n": 752
    }
  },
  "cam5": {
    "features": {
      "rms_db": -27.774484070165713,
      "tone_freq": 851.3274984156832,
      "centroid": 1045.9814300519095,
      "band_4000_8000": -19.278579244730718,
      "band_0_50": -17.593196307279833
    },
    "discharge": {
      "within1": 0.9694148936170213,
      "exact": 0.5425531914893617,
      "spearman": 0.9256515495383436,
      "n": 752
    },
    "suction": {
      "within1": 0.8603723404255319,
      "exact": 0.43882978723404253,
      "spearman": 0.6295507514296679,
      "n": 752
    }
  },
  "cam6": {
    "features": {
      "rms_db": -28.302512627802475,
      "tone_freq": 869.582042288273,
      "centroid": 1000.0416207927783,
      "band_4000_8000": -23.245966196867087,
      "band_0_50": -18.82150672417662
    },
    "discharge": {
      "within1": 0.836436170212766,
      "exact": 0.3723404255319149,
      "spearman": 0.8114078475334602,
      "n": 752
    },
    "suction": {
      "within1": 0.8577127659574468,
      "exact": 0.42021276595744683,
      "spearman": 0.6337117095087681,
      "n": 752
    }
  },
  "cam7": {
    "features": {
      "rms_db": -43.69115339393932,
      "tone_freq": 891.630667828499,
      "centroid": 1060.1015526402273,
      "band_4000_8000": -19.964517548463327,
      "band_0_50": -18.27601325814491
    },
    "discharge": {
      "within1": 0.9295212765957447,
      "exact": 0.4920212765957447,
      "spearman": 0.9118222225069527,
      "n": 752
    },
    "suction": {
      "within1": 0.8856382978723404,
      "exact": 0.5226063829787234,