{
  "window_s": 8.0,
  "note": "M1 always on (not a target). Multi-label independent presence of M2/M3/M4; trained on 5_25 (aeration OFF).",
  "mic": {
    "M2": {
      "f1": 0.7782120175867122,
      "acc": 0.8207894736842105,
      "precision": 0.7951747088186356,
      "recall": 0.7619579081632653,
      "roc_auc": 0.8966096151582273,
      "n": 15200,
      "n_on": 6272
    },
    "M3": {
      "f1": 0.9257198161142027,
      "acc": 0.939407894736842,
      "precision": 0.9366737391872042,
      "recall": 0.9150191326530612,
      "roc_auc": 0.9823474952396953,
      "n": 15200,
      "n_on": 6272
    },
    "M4": {
      "f1": 0.5927218344965105,
      "acc": 0.6775,
      "precision": 0.6188410825815406,
      "recall": 0.568718112244898,
      "roc_auc": 0.7495647757170745,
      "n": 15200,
      "n_on": 6272
    },
    "combo_8way": {
      "combo_acc": 0.5270394736842106,
      "chance": 0.125,
      "n_classes": 8
    }
  },
  "cam": {
    "M2": {
      "f1": 0.9100843712334271,
      "acc": 0.9262019389302908,
      "precision": 0.9173821480641503,
      "recall": 0.9029017857142857,
      "roc_auc": 0.9812534538193863,
      "n": 15163,
      "n_on": 6272
    },
    "M3": {
      "f1": 0.9466316710411199,
      "acc": 0.9557475433621315,
      "precision": 0.9444532613870814,
      "recall": 0.9488201530612245,
      "roc_auc": 0.9920591742911313,
      "n": 15163,
      "n_on": 6272
    },
    "M4": {
      "f1": 0.8217798410575183,
      "acc": 0.8506232275934842,
      "precision": 0.8112474755320802,
      "recall": 0.8325892857142857,
      "roc_auc": 0.9346064848023341,
      "n": 15163,
      "n_on": 6272
    },
    "combo_8way": {
      "combo_acc": 0.7665369649805448,
      "chance": 0.125,
      "n_classes": 8
    }
  }
}