{
  "windows_s": [
    8,
    16,
    30,
    60
  ],
  "per_cell": 6,
  "discharge": {
    "mic": {
      "8": {
        "within1": 0.7142857142857143,
        "exact": 0.4523809523809524,
        "n": 42
      },
      "16": {
        "within1": 0.7857142857142857,
        "exact": 0.42857142857142855,
        "n": 42
      },
      "30": {
        "within1": 0.8333333333333334,
        "exact": 0.5,
        "n": 42
      },
      "60": {
        "within1": 1.0,
        "exact": 0.8333333333333334,
        "n": 42
      }
    },
    "cam": {
      "8": {
        "within1": 0.9761904761904762,
        "exact": 0.8571428571428571,
        "n": 42
      },
      "16": {
        "within1": 0.9761904761904762,
        "exact": 0.8809523809523809,
        "n": 42
      },
      "30": {
        "within1": 0.9761904761904762,
        "exact": 0.8571428571428571,
        "n": 42
      },
      "60": {
        "within1": 1.0,
        "exact": 0.9761904761904762,
        "n": 42
      }
    }
  },
  "suction": {
    "mic": {
      "8": {
        "within1": 0.7777777777777778,
        "exact": 0.3611111111111111,
        "n": 36
      },
      "16": {
        "within1": 0.8611111111111112,
        "exact": 0.5,
        "n": 36
      },
      "30": {
        "within1": 0.9444444444444444,
        "exact": 0.4722222222222222,
        "n": 36
      },
      "60": {
        "within1": 1.0,
        "exact": 0.7222222222222222,
        "n": 36
      }
    },
    "cam": {
      "8": {
        "within1": 1.0,
        "exact": 0.7222222222222222,
        "n": 36
      },
      "16": {
        "within1": 1.0,
        "exact": 0.8055555555555556,
        "n": 36
      },
      "30": {
        "within1": 1.0,
        "exact": 0.9444444444444444,
        "n": 36
      },
      "60": {
        "within1": 1.0,
        "exact": 1.0,
        "n": 36
      }
    }
  }
}